cka,cosine_mean,experiment
0.9225625395774841,0.1703985035419464,exp0_same_input
0.005307869054377079,0.029540035873651505,exp1_role_split
