experiment,rsi_common,rsi_specific,rsi_total
exp0_same_input,0.21740495972318435,0.0694133091627325,0.14340913444295844
exp1_role_split,0.1735572544493954,0.3063414714301834,0.2399493629397894
